snoPerDay,Headline,time
______,_______,1-6-2021 - Morning
1,Filipino consumers third most optimistic in Asia-Pacific region,Morning
2,Filipino construction workers In Micronesia face repatriation,Morning
3,Filipino-American Mark Climaco remains unbeaten in MMA,Morning
4,"TESDA helps over 1,000 OFWs learn, polish new skills",Morning
5,91 countries face new strains as India bans vaccine export: WHO,Morning
6,NASAâ€™s Curiosity rover spots earth-like clouds on Red Planet,Morning
______,_______,2-6-2021 - Morning
1,Edelweiss Strengthening CBI Co-Lending Tie-up For MSMEs,Morning
